{"train_loss": [52.91259501441832, 23.720074284461237, 12.43236001845329, 2.4285870213662424, 13.851122963813044, 8.244650256249212, 39.62014259830598, 5.426571769099081, 12.768001371814359, 9.350991987412975, 2.4382633047719158, 5.884888037558524, 6.739173104686122, 6.95139398882466, 7.145823124916323, 10.237782632150958, 5.864628591845112, 7.039336604456747, 4.658088791754938, 3.568725232155092, 4.867892057664933, 6.286090958502985, 5.383145178517988, 4.388398724217569, 4.351824975782825, 4.510363040431853, 4.381204066738006, 4.235597172091084, 4.150043787494782, 4.129457689100696], "val_loss": [13.461038589477539, 10.20315170288086, 7.1280388832092285, 3.4363248348236084, 4.533292770385742, 4.18253755569458], "closure_ratio": [-893.6101199240088, -35.77377019394221, -8.764274259547829, -4.189454654854257, -3.5125343512956455, -3.2633000152777845]}