{"train_loss": [0.10049393785095984, 0.047806313681987025, 0.04494842742719958, 0.04870876705934925, 0.04679704637777421, 0.04522994689403042, 0.043711205043138995, 0.042798295977615544, 0.042085698655536095, 0.04168696749594904, 0.041866124277153326, 0.04572298461871763, 0.04199124872684479, 0.041598857170151125, 0.04146466800762761, 0.041414524879186385, 0.04138711851931388, 0.04136101036302505, 0.04134607735660768, 0.04133282385526165, 0.04131838547125939, 0.04130956134007823, 0.04129943660190029, 0.041292445313545964, 0.04128603649235541, 0.04128506118732114, 0.04128208335849547, 0.04127914939195879, 0.04127893705041178, 0.04127920515114261], "val_loss": [0.046537838876247406, 0.04153961315751076, 0.04144477844238281, 0.041332922875881195, 0.041302721947431564, 0.041286733001470566], "closure_ratio": [-0.2005334564826693, 0.03927912530064315, -0.05213989295759047, 0.007856990404272901, 0.011081443585631678, 0.011711640205127827]}