{
  "Baseline": {
    "eval": {
      "stability_visible": 0.0,
      "stability_tunnel": 0.0,
      "pos_error": 48.5803108215332,
      "pos_error_visible": 48.904869079589844,
      "pos_error_tunnel": 47.70001983642578
    },
    "num_params": 1962029,
    "final_train_loss": 0.03969535832443545,
    "final_val_loss": 0.03989149630069733,
    "final_closure_ratio": 1.0
  },
  "Physicist": {
    "eval": {
      "stability_visible": 0.013290010392665863,
      "stability_tunnel": 0.014609608799219131,
      "pos_error": 52.89095687866211,
      "pos_error_visible": 53.18561553955078,
      "pos_error_tunnel": 52.09175109863281
    },
    "num_params": 1938317,
    "final_train_loss": 0.036163028329610825,
    "final_val_loss": 0.03631976991891861,
    "final_closure_ratio": 0.09623856316238799
  },
  "Physicist+": {
    "eval": {
      "stability_visible": 0.77402263879776,
      "stability_tunnel": 0.7093369364738464,
      "pos_error": 48.4658088684082,
      "pos_error_visible": 48.75825881958008,
      "pos_error_tunnel": 47.672603607177734
    },
    "num_params": 2176408,
    "final_train_loss": 0.1321714001317178,
    "final_val_loss": 0.06836649030447006,
    "final_closure_ratio": 0.07264568556550166
  }
}