{"train_loss": [0.10875917610622221, 0.05000478990616337, 0.04746486522978352, 0.040797279727074406, 0.03972465881416874, 0.04055073484778404, 0.03796271162648355, 0.03648459046117721, 0.036117199808359146, 0.03594068233524599, 0.03595982191543425, 0.04025283768292396, 0.050269681720003005, 0.04435845572621592, 0.0406261281140389, 0.04062412066325065, 0.03970798597701134, 0.03910789819013688, 0.03820658030529176, 0.03808916997044317, 0.037814180336652264, 0.03765444024916618, 0.037558057736004555, 0.03748751648010746, 0.037427318312468066, 0.03738809388972098, 0.037371820619990746, 0.03736041930894698, 0.03734803307921656, 0.03734510500104197], "val_loss": [0.038781192153692245, 0.0359632782638073, 0.03905831649899483, 0.03794500231742859, 0.037533968687057495, 0.03747433423995972], "closure_ratio": [-3.290374001460643, -5.951791641817158, -48.551174373133264, -3.2772622593190306, 0.02311468247819637, 0.04023053364834206]}