{
  "train_loss": [
    0.3449940621852875,
    0.4663470764954885,
    2.047670129934947,
    11.375948619842529,
    21.132334009806314,
    13.081531969706218,
    4.373999182383219,
    1.83282151222229,
    3.7661245346069334,
    0.6331258277098338,
    0.3606286803881327,
    0.38925671378771465,
    0.49137800335884096,
    0.6749677856763204,
    1.1595219373703003,
    2.5579492251078286,
    4.992134650548299,
    5.969209289550781,
    4.230520613988241,
    2.330912168820699,
    1.0383098721504211,
    1.891779367129008,
    1.3319464246431987,
    0.39468404054641726,
    0.33694256146748863,
    0.326327246427536,
    0.32151623964309695,
    0.3182312369346619,
    0.3158761223157247,
    0.31395825147628786,
    0.31278297702471414,
    0.3115133126576742,
    0.31065478920936584,
    0.3099782447020213,
    0.30943047602971396,
    0.30891643365224203,
    0.3086542546749115,
    0.3084446668624878,
    0.30814370115598044,
    0.3077983935674032,
    0.30780813097953796,
    0.30766992568969725,
    0.3077132006486257,
    0.3077484945456187,
    0.30784727931022643,
    0.3080044786135356,
    0.30783841808636986,
    0.3079647918542226,
    0.3081918696562449,
    0.30843782822291055,
    0.30856578548749286,
    0.3085212767124176,
    0.30895410577456156,
    0.309279594818751,
    0.3094560782114665,
    0.3100590606530507,
    0.3103005329767863,
    0.3104871928691864,
    0.3110161284605662,
    0.31141100923220316,
    0.3120111644268036,
    0.3126271684964498,
    0.3133392254511515,
    0.313813058535258,
    0.3143563608328501,
    0.3150221109390259,
    0.31597030758857725,
    0.31640462080637616,
    0.31725900371869403,
    0.31814533869425454,
    0.3192288100719452,
    0.3198444585005442,
    0.32060696482658385,
    0.32173953056335447,
    0.32265416185061135,
    0.32356246511141457,
    0.3245704392592112,
    0.3254549602667491,
    0.3262953559557597,
    0.3271907905737559,
    0.3279601673285166,
    0.3288684725761414,
    0.32958154877026874,
    0.33049768408139546,
    0.3312998652458191,
    0.3315030793348948,
    0.3321455438931783,
    0.3326716959476471,
    0.3333503524462382,
    0.33321739435195924,
    0.3339365263779958,
    0.33427926699320476,
    0.33427625298500063,
    0.334783536195755,
    0.3345735987027486,
    0.33479265371958417,
    0.33499892950057986,
    0.33487189014752705,
    0.3351216733455658,
    0.33494104544321696
  ],
  "val_loss": [
    18.799291610717773,
    0.36585894227027893,
    1.6864171028137207,
    1.397257924079895,
    0.32989412546157837,
    0.3127053678035736,
    0.3089296221733093,
    0.30757465958595276,
    0.307535320520401,
    0.30802208185195923,
    0.3091890215873718,
    0.3106421232223511,
    0.31367748975753784,
    0.31685084104537964,
    0.32101231813430786,
    0.3255532681941986,
    0.32883837819099426,
    0.33092233538627625,
    0.332248717546463,
    0.33238154649734497
  ],
  "closure_ratio": [
    -1.4433250350110383,
    -15.104612234472114,
    -4.09336200431711,
    -1.44915316345093,
    -0.5227897634906395,
    0.06360814741758891,
    0.2982271214260105,
    0.37599442631952995,
    0.39819220878592243,
    0.40292345901587656,
    0.39871081643769823,
    0.38822818521921365,
    0.37034000824920976,
    0.3472454818072732,
    0.3241608356155967,
    0.3039977480662571,
    0.28856741363953575,
    0.2794873880956227,
    0.27586501175741185,
    0.2752573906740473
  ],
  "epoch_time": [
    3.944196939468384,
    2.032750368118286,
    1.9363691806793213,
    2.12705659866333,
    2.3770124912261963,
    2.0100722312927246,
    2.0678114891052246,
    1.6592442989349365,
    2.130122423171997,
    1.5910825729370117,
    1.3665800094604492,
    1.3289306163787842,
    1.293851613998413,
    1.243887186050415,
    2.0370843410491943,
    1.6752195358276367,
    1.588552474975586,
    1.7122681140899658,
    1.8014066219329834,
    1.8536181449890137,
    1.3979194164276123,
    1.9122908115386963,
    1.446821928024292,
    1.2959375381469727,
    1.4890258312225342,
    1.6984801292419434,
    1.9597437381744385,
    2.0159413814544678,
    2.6007559299468994,
    2.5523908138275146,
    2.379866600036621,
    2.4753692150115967,
    2.5307743549346924,
    2.3444950580596924,
    2.860211133956909,
    1.6744368076324463,
    0.7384343147277832,
    0.6827681064605713,
    1.0973846912384033,
    1.2873709201812744,
    1.2197496891021729,
    1.7007744312286377,
    2.1857118606567383,
    2.554636240005493,
    1.7365388870239258,
    1.940664291381836,
    1.3827006816864014,
    1.2761282920837402,
    1.29292893409729,
    1.4221854209899902,
    1.270401954650879,
    1.1325182914733887,
    1.3568685054779053,
    1.2132306098937988,
    1.0152053833007812,
    1.1663808822631836,
    1.1645536422729492,
    1.376913070678711,
    1.331974744796753,
    1.4153239727020264,
    1.3763623237609863,
    1.448045015335083,
    1.5267138481140137,
    1.5508747100830078,
    1.4947805404663086,
    1.6567957401275635,
    1.441587209701538,
    1.3334128856658936,
    1.3146498203277588,
    1.4423785209655762,
    1.6392335891723633,
    1.9171926975250244,
    2.0771820545196533,
    2.3112707138061523,
    2.2170917987823486,
    1.8797218799591064,
    1.652818202972412,
    1.9601433277130127,
    1.83823561668396,
    2.524794101715088,
    1.7350656986236572,
    1.8775389194488525,
    1.5798959732055664,
    1.4932634830474854,
    1.3919720649719238,
    1.8867316246032715,
    1.7034776210784912,
    1.368302345275879,
    1.6365165710449219,
    1.632016658782959,
    1.6243340969085693,
    1.5806527137756348,
    1.6009650230407715,
    1.5309693813323975,
    1.772261381149292,
    1.5907816886901855,
    1.49642014503479,
    1.4868273735046387,
    1.6522552967071533,
    1.69893217086792
  ]
}