{"train_loss": [47.60258744224425, 32.942967599438084, 3.649294460973432, 12.446298883807275, 5.057299106351791, 19.1928897365447, 4.060618862029044, 5.7877854839448, 22.896991237517327, 33.65360590719408, 3.0957513624621975, 8.600970237485823, 4.340485072905017, 0.5475851427162847, 1.721612358525876, 7.745165548016948, 4.537422268621383, 0.9210018977042167, 0.20940948301745999, 0.09084705671956463, 0.08254155708897498, 0.07741209432002037, 0.07456483764033164, 0.07214759867037496, 0.07066894442804399, 0.06938144636730995, 0.06886924755188727, 0.06860722337038286, 0.06828539049433123, 0.06822387585716863], "val_loss": [15.351245880126953, 5.141808032989502, 5.710756301879883, 0.08664828538894653, 0.0704667791724205, 0.06807959079742432], "closure_ratio": [-794.301518364007, -117.89554521211502, -254.5438505446657, 1.0, 1.0, 1.0]}