{
  "train_loss": [
    0.48696796547982,
    0.35744345476550443,
    0.38162213083236446,
    5.444510559881887,
    7.083541176011486,
    0.42888343334198,
    0.35006013801020963,
    0.3450113275358754,
    0.5107011333588631,
    0.987461841875507,
    0.42970761079942027,
    0.36612847447395325,
    0.3775759973833638,
    1.3446980541752231,
    3.3397320701229956,
    0.747720431896948,
    0.5231526695912884,
    0.7752916985942472,
    0.46020969171677867,
    0.35806159915462615,
    0.34871640513020175,
    0.3340411042013476,
    0.32450809209577497,
    0.3148210327471456,
    0.31116726994514465,
    0.3102198050868127,
    0.30339892737327084,
    0.30641664997223883,
    0.3045621552774983,
    0.3096006012731983,
    0.3143552311005131,
    0.33638442427881304,
    0.3814497263200821,
    0.38773984774466486,
    0.30612733767878625,
    0.29404110966190217,
    0.28877932890768976,
    0.2908632409188055,
    0.29625037600917203,
    0.29231207601485715,
    0.2934776390752485,
    0.2940153258462106,
    0.2972109529279893,
    0.2969212455134238,
    0.3071994098924821,
    0.3316511732916678,
    0.3677786175281771,
    0.35397941354782353,
    0.3288391924673511,
    0.3423558098654593,
    0.3562551333058265,
    0.33441982057786757,
    0.31937803664515096,
    0.308938039887336,
    0.2964855201782719,
    0.29308389175322747,
    0.28889788735297417,
    0.2860586229831942,
    0.2849757104150711,
    0.28400601783106405,
    0.2838744972982714,
    0.28355476067912194,
    0.2827527859518605,
    0.28116692458429643,
    0.2819161097849569,
    0.2815643270169535,
    0.27988645626652625,
    0.27896855819609856,
    0.2753313664467104,
    0.27652125397036154,
    0.2755539619153546,
    0.27461000219468146,
    0.2748884376018278,
    0.27612385249906973,
    0.2766011559194134,
    0.2775231897830963,
    0.276088930906788,
    0.27545417220361773,
    0.27376314516990413,
    0.274867772094665,
    0.27232582434531183,
    0.27306494020646616,
    0.27539673159199374,
    0.275261604016827,
    0.27626342254300273,
    0.273372539589482,
    0.27420235064721876,
    0.2701955668387874,
    0.27347099204217235,
    0.2763786373599883,
    0.2734753104948228,
    0.27252872720841437,
    0.27243932120261655,
    0.27378624389248507,
    0.27578949063054975,
    0.27291652944780165,
    0.2738453111340923,
    0.2743344489605196,
    0.274735011400715,
    0.2724221156489465
  ],
  "val_loss": [
    0.6627167264620463,
    0.49507929881413776,
    1.497875968615214,
    0.345441609621048,
    0.29586079716682434,
    0.2958204348882039,
    0.28492146730422974,
    0.2774866819381714,
    0.3023622930049896,
    0.3454753557840983,
    0.28576130668322247,
    0.2750728527704875,
    0.272558331489563,
    0.2700378696123759,
    0.26878536740938824,
    0.2682252824306488,
    0.26776649554570514,
    0.2674148480097453,
    0.2671497166156769,
    0.2671436667442322
  ],
  "closure_ratio": [
    0.06244001055940033,
    0.01429769800948725,
    -0.22407537815788214,
    0.11854521428597882,
    0.10195294893748379,
    0.07334361741501545,
    0.06410866941396216,
    0.08130694413026522,
    0.011359639167215904,
    0.04628715042921938,
    0.09188825036061506,
    0.09333405068424017,
    0.09413694394961088,
    0.09349724239748669,
    0.09289118491093895,
    0.09283796710099301,
    0.0925503084627785,
    0.09276949973741688,
    0.09270897372621105,
    0.09270034366202069
  ],
  "epoch_time": [
    0.30580997467041016,
    0.19923949241638184,
    0.19964170455932617,
    0.1754169464111328,
    0.19222617149353027,
    0.1688692569732666,
    0.16231036186218262,
    0.1898510456085205,
    0.18580245971679688,
    0.18170881271362305,
    0.18798327445983887,
    0.19075512886047363,
    0.16984081268310547,
    0.2175614833831787,
    0.18024063110351562,
    0.16730570793151855,
    0.17173552513122559,
    0.16168880462646484,
    0.17821002006530762,
    0.21630525588989258,
    0.19075679779052734,
    0.19809889793395996,
    0.198594331741333,
    0.21176910400390625,
    0.20770692825317383,
    0.22255229949951172,
    0.19280409812927246,
    0.16928553581237793,
    0.1905367374420166,
    0.1992652416229248,
    0.17825579643249512,
    0.18936896324157715,
    0.17443370819091797,
    0.16817736625671387,
    0.18063116073608398,
    0.17038202285766602,
    0.1617600917816162,
    0.16671109199523926,
    0.16776514053344727,
    0.18051552772521973,
    0.16531968116760254,
    0.16965746879577637,
    0.15924882888793945,
    0.1595921516418457,
    0.16501832008361816,
    0.16826486587524414,
    0.16846489906311035,
    0.1762251853942871,
    0.15857625007629395,
    0.16674089431762695,
    0.1858816146850586,
    0.17168354988098145,
    0.16562318801879883,
    0.1908431053161621,
    0.2059645652770996,
    0.1865687370300293,
    0.16751766204833984,
    0.18858051300048828,
    0.1776878833770752,
    0.16731548309326172,
    0.16663241386413574,
    0.16067075729370117,
    0.1812293529510498,
    0.17220759391784668,
    0.1887376308441162,
    0.1714770793914795,
    0.16549158096313477,
    0.15436577796936035,
    0.16736054420471191,
    0.19656062126159668,
    0.18845367431640625,
    0.16848134994506836,
    0.197432279586792,
    0.15659236907958984,
    0.19179296493530273,
    0.18757247924804688,
    0.16891717910766602,
    0.17423534393310547,
    0.16635656356811523,
    0.17534232139587402,
    0.1866614818572998,
    0.23991084098815918,
    0.208953857421875,
    0.18422889709472656,
    0.17935943603515625,
    0.18239831924438477,
    0.18222403526306152,
    0.1776258945465088,
    0.16516995429992676,
    0.17476654052734375,
    0.16841626167297363,
    0.17107653617858887,
    0.18697118759155273,
    0.1685342788696289,
    0.2559351921081543,
    0.2778904438018799,
    0.3114936351776123,
    0.35001420974731445,
    0.23672986030578613,
    0.24004793167114258
  ]
}