{
  "train_loss": [
    0.47824467420578004,
    0.400766118367513,
    0.34583596388498944,
    0.3868581533432007,
    0.32688799500465393,
    0.3197073956330617,
    0.6435733258724212,
    5.339615607261658,
    16.638356399536132,
    5.766129318873087,
    0.6631953557332356,
    0.40601343909899396,
    0.3635794798533122,
    0.3462389588356018,
    0.33280264139175414,
    0.32769282658894855,
    0.31950204571088153,
    0.32821415066719056,
    0.4256503721078237,
    1.4023896257082622,
    1.7851477066675823,
    1.217545986175537,
    0.5480334043502808,
    0.45083932677904764,
    0.38820183277130127,
    0.35750575065612794,
    0.3362901588280996,
    0.3325051883856455,
    0.32335790395736697,
    0.3183656553427378,
    0.33370466430981954,
    0.3360132694244385,
    0.39633325139681497,
    1.1124980449676514,
    1.8397865454355875,
    1.2685150384902955,
    0.6153541227181752,
    0.448536217212677,
    0.4174239754676819,
    0.3877835909525553,
    0.38217412630716957,
    0.38946367502212526,
    0.4098061084747314,
    0.4784026801586151,
    0.6732930223147074,
    0.8891930937767029,
    0.5979588627815247,
    0.4099227766195933,
    0.3746658623218536,
    0.3590322554111481,
    0.35810177127520243,
    0.3460820376873016,
    0.33808103799819944,
    0.3337612291177114,
    0.3207532306512197,
    0.3262779990832011,
    0.3279608845710754,
    0.3109019855658213,
    0.316378382841746,
    0.3066343148549398,
    0.3093577563762665,
    0.31262723803520204,
    0.31101369857788086,
    0.312423179546992,
    0.3090494136015574,
    0.2962767561276754,
    0.2998036503791809,
    0.31354148586591085,
    0.30832367539405825,
    0.30093785325686134,
    0.2986815094947815,
    0.29798219799995423,
    0.2999950110912323,
    0.2969852606455485,
    0.3038357357184092,
    0.30143750508626305,
    0.3012231528759003,
    0.3038239220778147,
    0.3063384552796682,
    0.3039607087771098,
    0.2946064511934916,
    0.3041813870271047,
    0.2949526011943817,
    0.2952222466468811,
    0.29980696241060895,
    0.3001050452391307,
    0.2951305647691091,
    0.30910384058952334,
    0.3000174224376678,
    0.30475411415100095,
    0.29766747951507566,
    0.3001255253950755,
    0.2933914323647817,
    0.3001975397268931,
    0.3050351401170095,
    0.297864693403244,
    0.3025623083114624,
    0.2978837589422862,
    0.2930710593859355,
    0.2932449758052826
  ],
  "val_loss": [
    0.3211170434951782,
    1.3195072412490845,
    0.32819104194641113,
    2.1482441425323486,
    0.36412787437438965,
    0.3115001320838928,
    1.473996877670288,
    0.3773169219493866,
    0.8590749502182007,
    0.35264483094215393,
    0.31329384446144104,
    0.2985985577106476,
    0.2916052043437958,
    0.2881000339984894,
    0.2862229645252228,
    0.28657907247543335,
    0.28662413358688354,
    0.28723016381263733,
    0.2871546745300293,
    0.2869899570941925
  ],
  "closure_ratio": [
    -2.891342567592311,
    0.07960250469817254,
    0.1712553635444416,
    -9.062237339207652,
    0.1630024682644381,
    0.07335955572166997,
    -1.530468127640487,
    -0.11526614145640868,
    0.09385766558897246,
    0.11971625065336444,
    0.12314610695096817,
    0.12363947558168575,
    0.12087042787649116,
    0.11666194584884759,
    0.11266029314599313,
    0.10701234715397323,
    0.10392253953860198,
    0.10168793488270222,
    0.10076787820622823,
    0.10058924886992993
  ],
  "epoch_time": [
    1.6662461757659912,
    0.819251298904419,
    0.9707069396972656,
    0.8125572204589844,
    0.8606040477752686,
    0.45827460289001465,
    0.705214262008667,
    0.8411710262298584,
    0.9637558460235596,
    0.890587329864502,
    0.7264328002929688,
    1.0655901432037354,
    1.4560799598693848,
    1.0281169414520264,
    0.7319073677062988,
    0.5079352855682373,
    0.6302764415740967,
    1.0083730220794678,
    1.3326621055603027,
    1.308260202407837,
    0.9907510280609131,
    0.7781810760498047,
    0.9364373683929443,
    0.8787553310394287,
    1.288888931274414,
    1.5143117904663086,
    1.298266887664795,
    1.3365612030029297,
    1.1754872798919678,
    0.8942775726318359,
    0.6644325256347656,
    0.70652174949646,
    0.8227622509002686,
    1.2380437850952148,
    1.3464899063110352,
    1.3540894985198975,
    1.6963517665863037,
    1.5326306819915771,
    1.0544812679290771,
    1.329350471496582,
    1.0323970317840576,
    0.7927408218383789,
    1.0037004947662354,
    0.9044382572174072,
    0.860105037689209,
    0.7411954402923584,
    1.1348185539245605,
    1.1119401454925537,
    1.1055424213409424,
    1.3181109428405762,
    0.9054296016693115,
    1.0569636821746826,
    1.5934185981750488,
    1.5742466449737549,
    1.981320858001709,
    1.4409255981445312,
    1.1789147853851318,
    1.6729357242584229,
    1.3074982166290283,
    1.231701135635376,
    1.4489400386810303,
    1.2898871898651123,
    0.9151322841644287,
    1.1931030750274658,
    1.306506633758545,
    0.9131979942321777,
    1.5214922428131104,
    1.4474780559539795,
    1.6100645065307617,
    1.7187566757202148,
    1.176621437072754,
    0.8667171001434326,
    2.3083786964416504,
    2.5061678886413574,
    2.08488130569458,
    1.7399969100952148,
    2.029869794845581,
    1.8779077529907227,
    2.3052027225494385,
    1.7391273975372314,
    1.5115764141082764,
    1.4716050624847412,
    1.227827548980713,
    0.7895205020904541,
    1.174928903579712,
    0.8337810039520264,
    0.6911730766296387,
    0.7525427341461182,
    1.8276596069335938,
    1.7495872974395752,
    1.6857521533966064,
    2.172907829284668,
    1.8273050785064697,
    1.7336819171905518,
    1.5769271850585938,
    1.7657499313354492,
    1.7950518131256104,
    1.511979579925537,
    1.9352164268493652,
    2.0547468662261963
  ]
}