{
  "train_loss": [
    0.38078485669628265,
    4.048360970712477,
    7.612401508515881,
    2.2366440565355363,
    0.7805396991391336,
    0.8274507637946836,
    1.786655516393723,
    4.183298180180211,
    4.691142512905982,
    2.4247860639326033,
    1.0261897694679998,
    0.7725840287823831,
    0.8163797720786063,
    0.7896179422255485,
    0.7016619097801947,
    0.920623654319394,
    1.173916547529159,
    0.9712642681214118,
    0.7504800769590563,
    0.6566597492464127,
    0.5994488212370104,
    0.5801576587461656,
    0.5380721188360645,
    0.5217783354943798,
    0.494994746100518,
    0.5002964273575814,
    0.5305113446327948,
    0.5463246818511717,
    0.5233933387264129,
    0.4869256990571176,
    0.45721730782139686,
    0.43906025924990255,
    0.4270524276841071,
    0.42089114073784123,
    0.41720214774531705,
    0.4128976906499555,
    0.41077965786380155,
    0.4089074452077189,
    0.40760925123768466,
    0.40673965792502126,
    0.40639827039933973,
    0.40708500146865845,
    0.40683606843794545,
    0.4077312715591923,
    0.40867194437211557,
    0.4093690312677814,
    0.4122794270515442,
    0.414541506959546,
    0.4154820740222931,
    0.41726741290861563,
    0.4179722330262584,
    0.42062058179609235,
    0.4221276217891324,
    0.4246223915007807,
    0.42761383998778557,
    0.4256853538174783,
    0.4288707673549652,
    0.4298237667929742,
    0.43486250408234134,
    0.4422231835703696,
    0.4426567304518915,
    0.4660364581692603,
    0.48466779147425004,
    0.4617971008823764,
    0.44897895666860765,
    0.47959837509739783,
    0.6099942672637201,
    0.6697749822370468,
    0.6091956284738356,
    0.55218102470521,
    0.6341690190376774,
    0.9142798377621558,
    0.8610211476202934,
    0.7139089376695694,
    0.6111181378364563,
    0.5533563667728055,
    0.5195632173169044,
    0.5027121680398141,
    0.4953635921401362,
    0.4884134271452504,
    0.48178826128282853,
    0.47626076109947696,
    0.4716189128737296,
    0.46753031688351787,
    0.46432448394836917,
    0.46142684067449263,
    0.4593762024756401,
    0.45754696092297953,
    0.4562038577372028,
    0.4550783634185791,
    0.4540527049572237,
    0.453249559287102,
    0.4525932775389764,
    0.45223140716552734,
    0.4517310578976908,
    0.4513640067269725,
    0.45157908816491404,
    0.4513211481032833,
    0.4513028052545363,
    0.4512834933496291
  ],
  "val_loss": [
    0.7692096630732218,
    1.3810534477233887,
    0.7532381415367126,
    0.6175480286280314,
    0.48876185218493146,
    0.47362005710601807,
    0.41801061232884723,
    0.40885735551516217,
    0.4123912851015727,
    0.41968607902526855,
    0.4299091001351674,
    0.4446679751078288,
    0.4594355920950572,
    0.5613940954208374,
    0.5718921422958374,
    0.48457789421081543,
    0.4626155396302541,
    0.45479069153467816,
    0.45191903909047443,
    0.45146065950393677
  ],
  "closure_ratio": [
    -5.528844586338512,
    0.3010518747009861,
    -0.23234751244554727,
    0.2446265752980479,
    0.2564509245518736,
    0.4047787073961023,
    0.4443989350046926,
    0.46510616814886213,
    0.47798160383258215,
    0.4873003619435036,
    0.4892907128802502,
    0.4609659676487949,
    0.41972761434225814,
    0.23084501263047938,
    0.27015638661832303,
    0.38840443770266897,
    0.41628606673815466,
    0.42518492754857756,
    0.4280200018599854,
    0.42846467046742526
  ],
  "epoch_time": [
    0.23520684242248535,
    0.18742132186889648,
    0.24476218223571777,
    0.21793603897094727,
    0.25388002395629883,
    0.22050929069519043,
    0.21812176704406738,
    0.22937297821044922,
    0.23201847076416016,
    0.28099966049194336,
    0.29392123222351074,
    0.3161044120788574,
    0.284027099609375,
    0.2692601680755615,
    0.2886030673980713,
    0.26749110221862793,
    0.2552957534790039,
    0.23758387565612793,
    0.16739320755004883,
    0.19539809226989746,
    0.17892861366271973,
    0.17626333236694336,
    0.14749908447265625,
    0.14592790603637695,
    0.211517333984375,
    0.17716431617736816,
    0.196943998336792,
    0.168074369430542,
    0.16211819648742676,
    0.1860213279724121,
    0.183854341506958,
    0.17743897438049316,
    0.16253376007080078,
    0.15312623977661133,
    0.15503621101379395,
    0.148817777633667,
    0.17232275009155273,
    0.15001773834228516,
    0.16376328468322754,
    0.1711747646331787,
    0.1712195873260498,
    0.15189647674560547,
    0.16650009155273438,
    0.15451550483703613,
    0.17109203338623047,
    0.1515672206878662,
    0.15282654762268066,
    0.1422431468963623,
    0.1438753604888916,
    0.1765742301940918,
    0.14925289154052734,
    0.1487593650817871,
    0.15304946899414062,
    0.14812827110290527,
    0.15628314018249512,
    0.16585946083068848,
    0.1654338836669922,
    0.18904757499694824,
    0.16038131713867188,
    0.17735648155212402,
    0.16279053688049316,
    0.1569228172302246,
    0.16283750534057617,
    0.15712618827819824,
    0.15908598899841309,
    0.16471505165100098,
    0.15094280242919922,
    0.1604006290435791,
    0.2017977237701416,
    0.1936039924621582,
    0.2210397720336914,
    0.3032057285308838,
    0.24869561195373535,
    0.2503926753997803,
    0.29572224617004395,
    0.19791030883789062,
    0.18884015083312988,
    0.19607973098754883,
    0.21478939056396484,
    0.21129894256591797,
    0.26964282989501953,
    0.30498671531677246,
    0.27315592765808105,
    0.20857882499694824,
    0.20976471900939941,
    0.2346951961517334,
    0.2616763114929199,
    0.3480522632598877,
    0.41386938095092773,
    0.3798198699951172,
    0.336533784866333,
    0.3352954387664795,
    0.3279154300689697,
    0.35555267333984375,
    0.27268338203430176,
    0.21499919891357422,
    0.22351765632629395,
    0.23585128784179688,
    0.20438504219055176,
    0.24791479110717773
  ]
}